Date,F,G,H,J,K,M,N,Q,U,V,X,Z
1/1/2019,1.3349,1.3434,1.3631,1.5583,1.573,1.5746,1.5759,1.5651,1.5542,1.4315,1.4077,1.3878
1/2/2019,1.3639,1.3724,1.3921,1.5873,1.602,1.6036,1.6049,1.5941,1.5832,1.4605,1.4367,1.4168
1/3/2019,1.3897,1.398,1.4175,1.6125,1.6269,1.6294,1.6293,1.6181,1.6067,1.4836,1.4593,1.439
1/4/2019,1.405,1.4129,1.4318,1.6261,1.641,1.6428,1.6428,1.6316,1.6203,1.4972,1.473,1.4527
1/5/2019,1.405,1.4129,1.4318,1.6261,1.641,1.6428,1.6428,1.6316,1.6203,1.4972,1.473,1.4527
1/6/2019,1.405,1.4129,1.4318,1.6261,1.641,1.6428,1.6428,1.6316,1.6203,1.4972,1.473,1.4527
1/7/2019,1.4084,1.4163,1.4352,1.6247,1.6383,1.6413,1.6403,1.6301,1.6193,1.4962,1.472,1.4517
1/8/2019,1.4324,1.4403,1.4588,1.6486,1.6622,1.6651,1.6641,1.6538,1.643,1.5198,1.4956,1.4752
1/9/2019,1.4955,1.5038,1.5226,1.7123,1.7259,1.7287,1.7277,1.7174,1.7066,1.5834,1.5592,1.5388
1/10/2019,1.4993,1.5079,1.5272,1.7168,1.7302,1.7329,1.7318,1.7214,1.7106,1.5873,1.563,1.5425
1/11/2019,1.4723,1.4812,1.5018,1.6915,1.7028,1.7031,1.7015,1.6911,1.6803,1.557,1.5328,1.5123
1/12/2019,1.4723,1.4812,1.5018,1.6915,1.7028,1.7031,1.7015,1.6911,1.6803,1.557,1.5328,1.5123
1/13/2019,1.4723,1.4812,1.5018,1.6915,1.7028,1.7031,1.7015,1.6911,1.6803,1.557,1.5328,1.5123
1/14/2019,1.4377,1.4479,1.469,1.6586,1.6698,1.67,1.6683,1.6578,1.6469,1.5235,1.4992,1.4786
1/15/2019,1.4697,1.4799,1.5014,1.6907,1.7016,1.7014,1.6994,1.6886,1.6774,1.5536,1.529,1.5081
1/16/2019,1.4754,1.4857,1.5074,1.6967,1.7076,1.7074,1.7054,1.6946,1.6834,1.5596,1.535,1.5141
1/17/2019,1.4749,1.4846,1.5055,1.6952,1.7061,1.7059,1.7039,1.6931,1.6819,1.5581,1.5335,1.5126
1/18/2019,1.4996,1.5084,1.5281,1.7182,1.7287,1.7255,1.724,1.7155,1.7035,1.5777,1.551,1.5281
1/19/2019,1.4996,1.5084,1.5281,1.7182,1.7287,1.7255,1.724,1.7155,1.7035,1.5777,1.551,1.5281
1/20/2019,1.4996,1.5084,1.5281,1.7182,1.7287,1.7255,1.724,1.7155,1.7035,1.5777,1.551,1.5281
1/21/2019,1.4996,1.5084,1.5281,1.7182,1.7287,1.7255,1.724,1.7155,1.7035,1.5777,1.551,1.5281
1/22/2019,1.4718,1.4806,1.5003,1.6904,1.7009,1.6977,1.6962,1.6877,1.6757,1.5499,1.5232,1.5003
1/23/2019,1.4667,1.4758,1.4956,1.6858,1.6965,1.6934,1.6919,1.6837,1.6718,1.5462,1.5196,1.4969
1/24/2019,1.4706,1.4791,1.4977,1.686,1.6944,1.6901,1.6886,1.6794,1.665,1.5422,1.5181,1.4975
1/25/2019,1.4751,1.4833,1.5014,1.6894,1.699,1.6949,1.6912,1.6815,1.6661,1.5446,1.5217,1.5024
1/26/2019,1.4751,1.4833,1.5014,1.6894,1.699,1.6949,1.6912,1.6815,1.6661,1.5446,1.5217,1.5024
1/27/2019,1.4751,1.4833,1.5014,1.6894,1.699,1.6949,1.6912,1.6815,1.6661,1.5446,1.5217,1.5024
1/28/2019,1.4304,1.4392,1.4574,1.6462,1.6566,1.6534,1.6502,1.6416,1.627,1.5062,1.4841,1.4656
1/29/2019,1.4558,1.4651,1.4832,1.672,1.6825,1.6794,1.6761,1.6674,1.6528,1.532,1.5098,1.4913
1/30/2019,1.4665,1.4755,1.4934,1.6827,1.693,1.6901,1.6866,1.6779,1.6619,1.5397,1.516,1.4961
1/31/2019,1.4401,1.4487,1.4663,1.6545,1.6662,1.6641,1.6601,1.6514,1.6354,1.5132,1.4895,1.4696
2/1/2019,1.4824,1.4905,1.5076,1.6967,1.708,1.7057,1.7005,1.6913,1.6733,1.5515,1.5283,1.5088
2/2/2019,1.4824,1.4905,1.5076,1.6967,1.708,1.7057,1.7005,1.6913,1.6733,1.5515,1.5283,1.5088
2/3/2019,1.4824,1.4905,1.5076,1.6967,1.708,1.7057,1.7005,1.6913,1.6733,1.5515,1.5283,1.5088
2/4/2019,1.4771,1.4848,1.5014,1.6892,1.7013,1.6995,1.6951,1.6859,1.6679,1.5461,1.5229,1.5034
2/5/2019,1.4665,1.475,1.4919,1.6807,1.6919,1.6904,1.6857,1.6756,1.6556,1.5344,1.5119,1.493
2/6/2019,1.4852,1.493,1.5097,1.6972,1.7098,1.7085,1.7033,1.6927,1.6722,1.5511,1.5287,1.5099
2/7/2019,1.4602,1.4681,1.4849,1.6722,1.6848,1.6834,1.6772,1.6656,1.6441,1.5242,1.5029,1.4853
2/8/2019,1.4675,1.4755,1.4925,1.6786,1.6901,1.6875,1.6845,1.6729,1.6514,1.5315,1.5102,1.4926
2/9/2019,1.4675,1.4755,1.4925,1.6786,1.6901,1.6875,1.6845,1.6729,1.6514,1.5315,1.5102,1.4926
2/10/2019,1.4675,1.4755,1.4925,1.6786,1.6901,1.6875,1.6845,1.6729,1.6514,1.5315,1.5102,1.4926
2/11/2019,1.456,1.4639,1.481,1.6672,1.6788,1.6764,1.6713,1.6587,1.6367,1.5181,1.498,1.4817
2/12/2019,1.4708,1.4786,1.4956,1.6819,1.6935,1.6913,1.6855,1.6719,1.6484,1.5307,1.5114,1.496
2/13/2019,1.5002,1.5076,1.5241,1.7104,1.722,1.7213,1.7145,1.701,1.6772,1.5562,1.5356,1.5188
2/14/2019,1.5214,1.5286,1.5447,1.728,1.742,1.741,1.7335,1.7192,1.6942,1.5712,1.5512,1.5385
2/15/2019,1.5683,1.5751,1.5909,1.7739,1.7874,1.7862,1.7774,1.7631,1.7391,1.6141,1.5915,1.5762
2/16/2019,1.5683,1.5751,1.5909,1.7739,1.7874,1.7862,1.7774,1.7631,1.7391,1.6141,1.5915,1.5762
2/17/2019,1.5683,1.5751,1.5909,1.7739,1.7874,1.7862,1.7774,1.7631,1.7391,1.6141,1.5915,1.5762
2/18/2019,1.5683,1.5751,1.5909,1.7739,1.7874,1.7862,1.7774,1.7631,1.7391,1.6141,1.5915,1.5762
2/19/2019,1.5716,1.5782,1.5939,1.7769,1.7894,1.7882,1.7794,1.7651,1.7411,1.6161,1.5926,1.5764
2/20/2019,1.5943,1.6008,1.6162,1.7988,1.811,1.8093,1.8006,1.7863,1.7624,1.6375,1.614,1.5979
2/21/2019,1.5982,1.6047,1.6199,1.802,1.8137,1.8127,1.804,1.7897,1.7658,1.6409,1.6174,1.6013
2/22/2019,1.5998,1.6066,1.622,1.8043,1.8155,1.814,1.8056,1.7917,1.7681,1.6431,1.6193,1.6028
2/23/2019,1.5998,1.6066,1.622,1.8043,1.8155,1.814,1.8056,1.7917,1.7681,1.6431,1.6193,1.6028
2/24/2019,1.5998,1.6066,1.622,1.8043,1.8155,1.814,1.8056,1.7917,1.7681,1.6431,1.6193,1.6028
2/25/2019,1.5446,1.5526,1.5694,1.7519,1.7632,1.7619,1.7539,1.7407,1.7167,1.5913,1.567,1.5501
2/26/2019,1.5584,1.5661,1.5827,1.7652,1.7765,1.7751,1.7671,1.7539,1.7299,1.6044,1.5801,1.5634
2/27/2019,1.5876,1.5946,1.6105,1.7913,1.8044,1.8022,1.7939,1.7805,1.757,1.6315,1.607,1.5903
2/28/2019,1.5815,1.5887,1.6049,1.7832,1.7939,1.7925,1.7858,1.7732,1.7507,1.6232,1.5968,1.5771
3/1/2019,1.5602,1.5676,1.5841,1.7623,1.773,1.7715,1.7648,1.7521,1.7295,1.602,1.5755,1.5558
3/2/2019,1.5602,1.5676,1.5841,1.7623,1.773,1.7715,1.7648,1.7521,1.7295,1.602,1.5755,1.5558
3/3/2019,1.5602,1.5676,1.5841,1.7623,1.773,1.7715,1.7648,1.7521,1.7295,1.602,1.5755,1.5558
3/4/2019,1.5752,1.5818,1.5978,1.7754,1.7863,1.7852,1.7781,1.7652,1.7431,1.617,1.592,1.5742
3/5/2019,1.5837,1.5901,1.6061,1.7827,1.7934,1.7923,1.7852,1.7723,1.7502,1.6241,1.5991,1.5813
3/6/2019,1.5917,1.598,1.6139,1.7905,1.8011,1.8004,1.7928,1.7796,1.7575,1.6314,1.6064,1.5886
3/7/2019,1.6004,1.6066,1.6222,1.798,1.807,1.8071,1.7989,1.7857,1.7631,1.637,1.6119,1.5929
3/8/2019,1.5864,1.5921,1.6068,1.782,1.791,1.7911,1.7828,1.7696,1.7469,1.6211,1.5961,1.5776
3/9/2019,1.5864,1.5921,1.6068,1.782,1.791,1.7911,1.7828,1.7696,1.7469,1.6211,1.5961,1.5776
3/10/2019,1.5864,1.5921,1.6068,1.782,1.791,1.7911,1.7828,1.7696,1.7469,1.6211,1.5961,1.5776
3/11/2019,1.6043,1.6098,1.6241,1.798,1.8074,1.807,1.7983,1.7846,1.7614,1.6352,1.6097,1.5907
3/12/2019,1.6061,1.6117,1.6258,1.7997,1.8095,1.8096,1.8018,1.7878,1.764,1.6377,1.6121,1.593
3/13/2019,1.6307,1.6362,1.6498,1.8231,1.8326,1.8336,1.8259,1.8119,1.7883,1.6614,1.6351,1.6154
3/14/2019,1.619,1.6246,1.6382,1.8113,1.8208,1.8218,1.8141,1.8001,1.7766,1.6497,1.6234,1.6037
3/15/2019,1.617,1.6229,1.6366,1.8097,1.8192,1.8197,1.8121,1.7984,1.7756,1.6495,1.6241,1.6052
3/16/2019,1.617,1.6229,1.6366,1.8097,1.8192,1.8197,1.8121,1.7984,1.7756,1.6495,1.6241,1.6052
3/17/2019,1.617,1.6229,1.6366,1.8097,1.8192,1.8197,1.8121,1.7984,1.7756,1.6495,1.6241,1.6052
3/18/2019,1.6278,1.6335,1.647,1.8199,1.8291,1.8272,1.8195,1.8058,1.7829,1.6567,1.6313,1.6123
3/19/2019,1.6355,1.6408,1.654,1.8282,1.8362,1.8337,1.8262,1.8124,1.7895,1.6633,1.6379,1.6189
3/20/2019,1.657,1.6617,1.6746,1.8475,1.8543,1.8524,1.8459,1.832,1.8082,1.6832,1.6569,1.6369
3/21/2019,1.646,1.6506,1.6634,1.8355,1.8419,1.8396,1.8324,1.8178,1.7943,1.6686,1.6416,1.6209
3/22/2019,1.6271,1.6317,1.6446,1.8166,1.8232,1.8207,1.8114,1.7962,1.772,1.6441,1.6167,1.5921
3/23/2019,1.6271,1.6317,1.6446,1.8166,1.8232,1.8207,1.8114,1.7962,1.772,1.6441,1.6167,1.5921
3/24/2019,1.6271,1.6317,1.6446,1.8166,1.8232,1.8207,1.8114,1.7962,1.772,1.6441,1.6167,1.5921
3/25/2019,1.6261,1.6308,1.6439,1.8161,1.8221,1.819,1.8097,1.7946,1.7708,1.6433,1.6164,1.5918
3/26/2019,1.6347,1.639,1.6518,1.8242,1.8295,1.8264,1.817,1.8019,1.778,1.6505,1.6235,1.5989
3/27/2019,1.6218,1.6267,1.6401,1.8125,1.8182,1.8154,1.8054,1.7903,1.7664,1.6389,1.6119,1.5873
3/28/2019,1.6146,1.6203,1.6343,1.8069,1.8128,1.8106,1.8007,1.7857,1.7621,1.6344,1.6074,1.5828
3/29/2019,1.638,1.6443,1.6586,1.8309,1.8368,1.8332,1.8222,1.8064,1.7823,1.6549,1.6274,1.5989
3/30/2019,1.638,1.6443,1.6586,1.8309,1.8368,1.8332,1.8222,1.8064,1.7823,1.6549,1.6274,1.5989
3/31/2019,1.638,1.6443,1.6586,1.8309,1.8368,1.8332,1.8222,1.8064,1.7823,1.6549,1.6274,1.5989
4/1/2019,1.6633,1.6691,1.6829,1.8547,1.8596,1.8544,1.8431,1.8272,1.803,1.6756,1.6457,1.6188
4/2/2019,1.6705,1.6754,1.6883,1.8602,1.8653,1.8607,1.8494,1.8326,1.8086,1.6809,1.6506,1.6237
4/3/2019,1.6712,1.6751,1.6872,1.8592,1.8641,1.8597,1.8481,1.8312,1.8073,1.6799,1.6499,1.6244
4/4/2019,1.6681,1.6714,1.6832,1.8554,1.8605,1.8569,1.845,1.8278,1.8041,1.6751,1.6455,1.6205
4/5/2019,1.6869,1.6893,1.7006,1.8732,1.878,1.8737,1.8618,1.8445,1.8201,1.6906,1.6601,1.6353
4/6/2019,1.6869,1.6893,1.7006,1.8732,1.878,1.8737,1.8618,1.8445,1.8201,1.6906,1.6601,1.6353
4/7/2019,1.6869,1.6893,1.7006,1.8732,1.878,1.8737,1.8618,1.8445,1.8201,1.6906,1.6601,1.6353
4/8/2019,1.6979,1.6997,1.7103,1.8835,1.8876,1.883,1.871,1.8537,1.8293,1.6982,1.6677,1.6429
4/9/2019,1.6921,1.6941,1.7049,1.8772,1.8816,1.8768,1.8648,1.8475,1.8231,1.6914,1.6614,1.6371
4/10/2019,1.7278,1.7294,1.7396,1.9108,1.9145,1.9096,1.8973,1.8794,1.8546,1.7215,1.692,1.6677
4/11/2019,1.7151,1.7173,1.728,1.8982,1.9026,1.8982,1.8861,1.8683,1.8435,1.7104,1.6809,1.6566
4/12/2019,1.7276,1.7298,1.74,1.9101,1.9146,1.9105,1.8997,1.8818,1.8564,1.7226,1.6931,1.6688
4/13/2019,1.7276,1.7298,1.74,1.9101,1.9146,1.9105,1.8997,1.8818,1.8564,1.7226,1.6931,1.6688
4/14/2019,1.7276,1.7298,1.74,1.9101,1.9146,1.9105,1.8997,1.8818,1.8564,1.7226,1.6931,1.6688
4/15/2019,1.7188,1.7222,1.7336,1.9037,1.9088,1.9052,1.8949,1.877,1.8516,1.7178,1.6883,1.664
4/16/2019,1.7275,1.7309,1.7419,1.9122,1.917,1.9134,1.9033,1.8851,1.8593,1.7246,1.6951,1.6708
4/17/2019,1.7221,1.7257,1.7368,1.9074,1.9123,1.9091,1.8987,1.8807,1.8551,1.7204,1.6909,1.6666
4/18/2019,1.7314,1.7345,1.7452,1.9158,1.9207,1.9179,1.9076,1.8902,1.8648,1.7301,1.7006,1.6763
4/19/2019,1.7314,1.7345,1.7452,1.9158,1.9207,1.9179,1.9076,1.8902,1.8648,1.7301,1.7006,1.6763
4/20/2019,1.7314,1.7345,1.7452,1.9158,1.9207,1.9179,1.9076,1.8902,1.8648,1.7301,1.7006,1.6763
4/21/2019,1.7314,1.7345,1.7452,1.9158,1.9207,1.9179,1.9076,1.8902,1.8648,1.7301,1.7006,1.6763
4/22/2019,1.7651,1.767,1.7767,1.9458,1.95,1.9464,1.9358,1.9178,1.892,1.7567,1.7267,1.7018
4/23/2019,1.7744,1.776,1.7851,1.9525,1.9567,1.9529,1.9414,1.9234,1.8976,1.7619,1.7324,1.7098
4/24/2019,1.7698,1.771,1.7804,1.9466,1.9503,1.946,1.9338,1.9154,1.8896,1.754,1.7246,1.705
4/25/2019,1.7705,1.7721,1.7817,1.9479,1.9515,1.9463,1.9342,1.9159,1.8903,1.7548,1.7255,1.706
4/26/2019,1.7363,1.7395,1.7505,1.9174,1.9215,1.9165,1.9043,1.886,1.8607,1.7257,1.6966,1.6781
4/27/2019,1.7363,1.7395,1.7505,1.9174,1.9215,1.9165,1.9043,1.886,1.8607,1.7257,1.6966,1.6781
4/28/2019,1.7363,1.7395,1.7505,1.9174,1.9215,1.9165,1.9043,1.886,1.8607,1.7257,1.6966,1.6781
4/29/2019,1.7302,1.7345,1.7465,1.9137,1.9185,1.9134,1.9006,1.8823,1.857,1.722,1.6929,1.6744
4/30/2019,1.7494,1.7521,1.763,1.929,1.9342,1.9288,1.9155,1.8953,1.8692,1.7342,1.7051,1.6866
5/1/2019,1.7462,1.749,1.7609,1.9286,1.935,1.9302,1.9173,1.897,1.8708,1.7358,1.7067,1.6882
5/2/2019,1.7007,1.704,1.7169,1.8883,1.8946,1.8899,1.8775,1.8572,1.8311,1.6961,1.6671,1.6487
5/3/2019,1.7053,1.7082,1.7205,1.892,1.898,1.893,1.8804,1.8606,1.834,1.6986,1.6691,1.6502
5/4/2019,1.7053,1.7082,1.7205,1.892,1.898,1.893,1.8804,1.8606,1.834,1.6986,1.6691,1.6502
5/5/2019,1.7053,1.7082,1.7205,1.892,1.898,1.893,1.8804,1.8606,1.834,1.6986,1.6691,1.6502
5/6/2019,1.7025,1.7052,1.7165,1.8882,1.8939,1.8888,1.8762,1.8568,1.8304,1.6953,1.666,1.6484
5/7/2019,1.6608,1.663,1.6741,1.8458,1.8521,1.8484,1.8356,1.8159,1.7902,1.6553,1.626,1.6084
5/8/2019,1.6793,1.6815,1.6928,1.866,1.873,1.8701,1.8573,1.8376,1.8112,1.6765,1.6469,1.6289
5/9/2019,1.6768,1.6798,1.6918,1.8658,1.874,1.8719,1.8586,1.8381,1.8102,1.6757,1.6461,1.6281
5/10/2019,1.6815,1.6848,1.6979,1.8724,1.8811,1.8785,1.8651,1.843,1.8134,1.6792,1.6501,1.6307
5/11/2019,1.6815,1.6848,1.6979,1.8724,1.8811,1.8785,1.8651,1.843,1.8134,1.6792,1.6501,1.6307
5/12/2019,1.6815,1.6848,1.6979,1.8724,1.8811,1.8785,1.8651,1.843,1.8134,1.6792,1.6501,1.6307
5/13/2019,1.6694,1.6727,1.6858,1.8603,1.8699,1.8673,1.8533,1.83,1.7994,1.6644,1.6354,1.6165
5/14/2019,1.6878,1.6911,1.7041,1.8784,1.8876,1.8845,1.8704,1.8469,1.8161,1.6808,1.6519,1.6331
5/15/2019,1.703,1.7058,1.7187,1.8928,1.9015,1.898,1.8827,1.8587,1.827,1.6915,1.6626,1.6437
5/16/2019,1.7228,1.7245,1.737,1.9113,1.9201,1.9161,1.9001,1.8757,1.8431,1.708,1.6793,1.6605
5/17/2019,1.7098,1.7116,1.724,1.8978,1.9068,1.9027,1.8863,1.8619,1.8293,1.6942,1.6655,1.6467
5/18/2019,1.7098,1.7116,1.724,1.8978,1.9068,1.9027,1.8863,1.8619,1.8293,1.6942,1.6655,1.6467
5/19/2019,1.7098,1.7116,1.724,1.8978,1.9068,1.9027,1.8863,1.8619,1.8293,1.6942,1.6655,1.6467
5/20/2019,1.7055,1.7087,1.7219,1.8959,1.9056,1.9015,1.8848,1.8599,1.827,1.6917,1.6626,1.6442
5/21/2019,1.7117,1.7147,1.7279,1.9016,1.9114,1.9065,1.8899,1.8654,1.8328,1.6974,1.6683,1.6498
5/22/2019,1.6784,1.6801,1.6921,1.8668,1.8771,1.8717,1.8557,1.8322,1.8004,1.665,1.6359,1.6179
5/23/2019,1.5975,1.5995,1.6112,1.7865,1.7971,1.7925,1.7766,1.7536,1.7229,1.5884,1.5594,1.5437
5/24/2019,1.62,1.622,1.6338,1.8089,1.8196,1.8157,1.801,1.7785,1.7483,1.6142,1.5843,1.5671
5/25/2019,1.62,1.622,1.6338,1.8089,1.8196,1.8157,1.801,1.7785,1.7483,1.6142,1.5843,1.5671
5/26/2019,1.62,1.622,1.6338,1.8089,1.8196,1.8157,1.801,1.7785,1.7483,1.6142,1.5843,1.5671
5/27/2019,1.62,1.622,1.6338,1.8089,1.8196,1.8157,1.801,1.7785,1.7483,1.6142,1.5843,1.5671
5/28/2019,1.6431,1.6448,1.6559,1.8309,1.8409,1.8365,1.8216,1.7993,1.7691,1.6349,1.6053,1.588
5/29/2019,1.6325,1.6345,1.6452,1.8215,1.831,1.8259,1.8108,1.7894,1.759,1.6247,1.5941,1.5762
5/30/2019,1.5748,1.5783,1.5908,1.7688,1.7793,1.7745,1.7597,1.7387,1.7085,1.5744,1.544,1.5266
5/31/2019,1.4963,1.5006,1.5147,1.6932,1.7043,1.6999,1.6864,1.6665,1.6379,1.5054,1.4763,1.4593
6/1/2019,1.4963,1.5006,1.5147,1.6932,1.7043,1.6999,1.6864,1.6665,1.6379,1.5054,1.4763,1.4593
6/2/2019,1.4963,1.5006,1.5147,1.6932,1.7043,1.6999,1.6864,1.6665,1.6379,1.5054,1.4763,1.4593
6/3/2019,1.4745,1.4796,1.4953,1.6745,1.6866,1.6836,1.6713,1.6524,1.6259,1.4946,1.4666,1.4506
6/4/2019,1.4695,1.4733,1.4876,1.6658,1.6775,1.6749,1.6633,1.6458,1.6207,1.4897,1.4616,1.4456
6/5/2019,1.4266,1.4302,1.4447,1.6234,1.6354,1.6328,1.6215,1.6046,1.5799,1.4505,1.4224,1.4063
6/6/2019,1.449,1.4535,1.4686,1.6477,1.6595,1.6569,1.6457,1.629,1.6044,1.4744,1.4462,1.4328
6/7/2019,1.4837,1.4874,1.501,1.6786,1.6889,1.6861,1.6748,1.6581,1.6335,1.5033,1.4751,1.4617
6/8/2019,1.4837,1.4874,1.501,1.6786,1.6889,1.6861,1.6748,1.6581,1.6335,1.5033,1.4751,1.4617
6/9/2019,1.4837,1.4874,1.501,1.6786,1.6889,1.6861,1.6748,1.6581,1.6335,1.5033,1.4751,1.4617
6/10/2019,1.4744,1.4778,1.4912,1.6695,1.6804,1.678,1.6668,1.649,1.6246,1.4948,1.4666,1.452
6/11/2019,1.4869,1.4903,1.5039,1.6835,1.6954,1.6934,1.682,1.6634,1.6387,1.5083,1.4802,1.465
6/12/2019,1.4342,1.4387,1.4533,1.6335,1.6453,1.6435,1.6328,1.6158,1.5927,1.4637,1.4365,1.4214
6/13/2019,1.466,1.4701,1.4846,1.6642,1.6759,1.6737,1.6627,1.6455,1.622,1.4929,1.4649,1.4498
6/14/2019,1.4722,1.475,1.488,1.6663,1.6771,1.6742,1.663,1.6463,1.6225,1.4933,1.4654,1.4502
6/15/2019,1.4722,1.475,1.488,1.6663,1.6771,1.6742,1.663,1.6463,1.6225,1.4933,1.4654,1.4502
6/16/2019,1.4722,1.475,1.488,1.6663,1.6771,1.6742,1.663,1.6463,1.6225,1.4933,1.4654,1.4502
6/17/2019,1.4498,1.454,1.4685,1.6466,1.6573,1.6542,1.6431,1.6267,1.6032,1.4735,1.4452,1.4298
6/18/2019,1.48,1.4842,1.4985,1.6766,1.6873,1.6843,1.6733,1.6569,1.633,1.5031,1.4747,1.4589
6/19/2019,1.4829,1.4865,1.5003,1.6793,1.6897,1.6866,1.675,1.6582,1.6337,1.5039,1.4756,1.4599
6/20/2019,1.5457,1.5497,1.5629,1.7414,1.7512,1.7474,1.7352,1.7164,1.6906,1.5605,1.5319,1.5136
6/21/2019,1.57,1.5728,1.585,1.7622,1.7711,1.7665,1.7532,1.7325,1.7066,1.5762,1.5463,1.5281
6/22/2019,1.57,1.5728,1.585,1.7622,1.7711,1.7665,1.7532,1.7325,1.7066,1.5762,1.5463,1.5281
6/23/2019,1.57,1.5728,1.585,1.7622,1.7711,1.7665,1.7532,1.7325,1.7066,1.5762,1.5463,1.5281
6/24/2019,1.5718,1.5753,1.5886,1.7663,1.7752,1.7701,1.7563,1.7357,1.7084,1.5778,1.5472,1.528
6/25/2019,1.5849,1.5873,1.6002,1.7778,1.7874,1.7822,1.7683,1.7474,1.72,1.5891,1.5585,1.5392
6/26/2019,1.633,1.6341,1.6461,1.8201,1.8277,1.8205,1.8045,1.7823,1.7548,1.6228,1.5915,1.5734
6/27/2019,1.6317,1.6339,1.6465,1.8193,1.8265,1.8185,1.8021,1.7801,1.7524,1.62,1.589,1.5722
6/28/2019,1.6159,1.6191,1.6333,1.8056,1.8129,1.805,1.789,1.7673,1.7398,1.607,1.5756,1.5581
6/29/2019,1.6159,1.6191,1.6333,1.8056,1.8129,1.805,1.789,1.7673,1.7398,1.607,1.5756,1.5581
6/30/2019,1.6159,1.6191,1.6333,1.8056,1.8129,1.805,1.789,1.7673,1.7398,1.607,1.5756,1.5581
7/1/2019,1.6352,1.639,1.6549,1.8282,1.8362,1.8293,1.8133,1.7911,1.7627,1.6288,1.5968,1.5778
7/2/2019,1.577,1.5801,1.5947,1.7672,1.7749,1.7683,1.7523,1.7299,1.7016,1.5678,1.536,1.5165
7/3/2019,1.6126,1.6151,1.6299,1.8013,1.8088,1.802,1.7858,1.7636,1.7347,1.6009,1.5691,1.5496
7/4/2019,1.6126,1.6151,1.6299,1.8013,1.8088,1.802,1.7858,1.7636,1.7347,1.6009,1.5691,1.5496
7/5/2019,1.6179,1.6192,1.6322,1.803,1.8096,1.8025,1.7855,1.7621,1.7324,1.5985,1.5665,1.5469
7/6/2019,1.6179,1.6192,1.6322,1.803,1.8096,1.8025,1.7855,1.7621,1.7324,1.5985,1.5665,1.5469
7/7/2019,1.6179,1.6192,1.6322,1.803,1.8096,1.8025,1.7855,1.7621,1.7324,1.5985,1.5665,1.5469
7/8/2019,1.6112,1.6137,1.6276,1.7992,1.8073,1.8017,1.7857,1.7626,1.7326,1.5976,1.5647,1.5431
7/9/2019,1.6232,1.625,1.638,1.8088,1.8164,1.8099,1.7936,1.7706,1.7403,1.6036,1.5703,1.5482
7/10/2019,1.6863,1.6871,1.6986,1.8686,1.8746,1.8666,1.849,1.8252,1.7949,1.6575,1.6241,1.6027
7/11/2019,1.6759,1.6778,1.6898,1.8611,1.8659,1.8567,1.8383,1.8137,1.7821,1.6447,1.6111,1.5895
7/12/2019,1.6763,1.6791,1.6923,1.8655,1.8714,1.8631,1.845,1.8201,1.7885,1.6508,1.617,1.5952
7/13/2019,1.6763,1.6791,1.6923,1.8655,1.8714,1.8631,1.845,1.8201,1.7885,1.6508,1.617,1.5952
7/14/2019,1.6763,1.6791,1.6923,1.8655,1.8714,1.8631,1.845,1.8201,1.7885,1.6508,1.617,1.5952
7/15/2019,1.6515,1.6552,1.6684,1.8434,1.8501,1.8429,1.8258,1.8015,1.7702,1.6306,1.5951,1.5693
7/16/2019,1.6075,1.6108,1.6239,1.7989,1.806,1.7994,1.7827,1.7594,1.7291,1.5896,1.555,1.5307
7/17/2019,1.5878,1.5905,1.6037,1.7782,1.7856,1.7795,1.7633,1.7405,1.7109,1.5724,1.5392,1.5159
7/18/2019,1.5446,1.5479,1.5619,1.7362,1.7442,1.7387,1.7227,1.7,1.6701,1.5319,1.4991,1.4765
7/19/2019,1.5601,1.5635,1.5775,1.7518,1.7603,1.7553,1.7397,1.7171,1.6879,1.5503,1.5183,1.497
7/20/2019,1.5601,1.5635,1.5775,1.7518,1.7603,1.7553,1.7397,1.7171,1.6879,1.5503,1.5183,1.497
7/21/2019,1.5601,1.5635,1.5775,1.7518,1.7603,1.7553,1.7397,1.7171,1.6879,1.5503,1.5183,1.497
7/22/2019,1.5688,1.5728,1.5866,1.76,1.7684,1.7632,1.7477,1.725,1.6959,1.5578,1.5259,1.5049
7/23/2019,1.5847,1.5874,1.5996,1.7721,1.7792,1.7731,1.7571,1.7344,1.7044,1.5656,1.5326,1.5108
7/24/2019,1.5712,1.5745,1.5876,1.7604,1.7675,1.7612,1.7454,1.7226,1.6934,1.5559,1.5234,1.5017
7/25/2019,1.5819,1.5849,1.5979,1.7716,1.7795,1.7743,1.7588,1.7361,1.7061,1.5693,1.5375,1.5171
7/26/2019,1.5886,1.5915,1.6039,1.7772,1.7849,1.7791,1.7634,1.7406,1.7105,1.5739,1.5427,1.5228
7/27/2019,1.5886,1.5915,1.6039,1.7772,1.7849,1.7791,1.7634,1.7406,1.7105,1.5739,1.5427,1.5228
7/28/2019,1.5886,1.5915,1.6039,1.7772,1.7849,1.7791,1.7634,1.7406,1.7105,1.5739,1.5427,1.5228
7/29/2019,1.5902,1.5933,1.606,1.7794,1.7872,1.7811,1.7649,1.742,1.7121,1.5759,1.5456,1.5266
7/30/2019,1.6162,1.6188,1.6308,1.8028,1.8093,1.8019,1.7848,1.7607,1.7301,1.594,1.5638,1.5449
7/31/2019,1.6299,1.6322,1.6438,1.8154,1.8202,1.8112,1.7925,1.767,1.7352,1.599,1.5689,1.5498
8/1/2019,1.521,1.5243,1.5369,1.7105,1.7164,1.7084,1.69,1.6652,1.6344,1.5001,1.4708,1.4531
8/2/2019,1.5474,1.5502,1.5625,1.7359,1.7417,1.7334,1.7148,1.6896,1.6592,1.5257,1.4947,1.476
8/3/2019,1.5474,1.5502,1.5625,1.7359,1.7417,1.7334,1.7148,1.6896,1.6592,1.5257,1.4947,1.476
8/4/2019,1.5474,1.5502,1.5625,1.7359,1.7417,1.7334,1.7148,1.6896,1.6592,1.5257,1.4947,1.476
8/5/2019,1.4935,1.497,1.5099,1.6844,1.6913,1.6843,1.6668,1.6421,1.6124,1.4792,1.4486,1.4303
8/6/2019,1.4738,1.4777,1.4912,1.6669,1.6746,1.6683,1.652,1.6286,1.5982,1.4642,1.4332,1.4149
8/7/2019,1.4071,1.4115,1.4257,1.6015,1.6102,1.6057,1.5902,1.5673,1.5378,1.4057,1.3775,1.3618
8/8/2019,1.4277,1.4316,1.4452,1.619,1.6263,1.6202,1.6039,1.5804,1.5507,1.4191,1.3902,1.3726
8/9/2019,1.4565,1.4606,1.4746,1.6493,1.6571,1.651,1.6351,1.6121,1.5825,1.4481,1.4184,1.3999
8/10/2019,1.4565,1.4606,1.4746,1.6493,1.6571,1.651,1.6351,1.6121,1.5825,1.4481,1.4184,1.3999
8/11/2019,1.4565,1.4606,1.4746,1.6493,1.6571,1.651,1.6351,1.6121,1.5825,1.4481,1.4184,1.3999
8/12/2019,1.4511,1.4549,1.4685,1.6419,1.6481,1.6415,1.6253,1.6027,1.5733,1.4394,1.41,1.3919
8/13/2019,1.5181,1.5215,1.5351,1.7094,1.7149,1.707,1.6895,1.6662,1.6361,1.502,1.4722,1.4536
8/14/2019,1.4734,1.4768,1.4907,1.6657,1.6716,1.6655,1.6489,1.6257,1.5964,1.4631,1.4347,1.4182
8/15/2019,1.4434,1.4467,1.4607,1.6375,1.6437,1.6381,1.6222,1.6,1.5717,1.4392,1.4108,1.3956
8/16/2019,1.4545,1.4573,1.4712,1.6463,1.6523,1.6462,1.6301,1.6077,1.5784,1.4454,1.4165,1.4006
8/17/2019,1.4545,1.4573,1.4712,1.6463,1.6523,1.6462,1.6301,1.6077,1.5784,1.4454,1.4165,1.4006
8/18/2019,1.4545,1.4573,1.4712,1.6463,1.6523,1.6462,1.6301,1.6077,1.5784,1.4454,1.4165,1.4006
8/19/2019,1.4681,1.4716,1.4865,1.6611,1.6671,1.6609,1.6449,1.6225,1.593,1.459,1.4303,1.4146
8/20/2019,1.4838,1.4868,1.5015,1.676,1.6814,1.6747,1.6582,1.6352,1.6055,1.471,1.4423,1.4259
8/21/2019,1.4967,1.4994,1.5141,1.6884,1.6938,1.6867,1.6703,1.6476,1.6171,1.4821,1.453,1.4362
8/22/2019,1.4828,1.4862,1.5016,1.6768,1.6829,1.6765,1.661,1.6391,1.6097,1.474,1.4446,1.4292
8/23/2019,1.464,1.4678,1.4834,1.6585,1.6654,1.6596,1.6443,1.6226,1.594,1.4587,1.4299,1.4147
8/24/2019,1.464,1.4678,1.4834,1.6585,1.6654,1.6596,1.6443,1.6226,1.594,1.4587,1.4299,1.4147
8/25/2019,1.464,1.4678,1.4834,1.6585,1.6654,1.6596,1.6443,1.6226,1.594,1.4587,1.4299,1.4147
8/26/2019,1.4464,1.4503,1.4659,1.642,1.6499,1.645,1.6303,1.6094,1.5814,1.4454,1.4169,1.4017
8/27/2019,1.4718,1.4751,1.4897,1.665,1.6721,1.667,1.6522,1.6314,1.6036,1.4679,1.4396,1.4244
8/28/2019,1.4965,1.4996,1.5142,1.6894,1.6956,1.69,1.675,1.6538,1.6261,1.4908,1.462,1.4457
8/29/2019,1.5081,1.5109,1.5253,1.7,1.7053,1.6984,1.6822,1.6601,1.6322,1.4966,1.4669,1.4497
8/30/2019,1.472,1.4748,1.4895,1.6645,1.6706,1.6635,1.6476,1.6257,1.5978,1.4622,1.4325,1.4153
8/31/2019,1.472,1.4748,1.4895,1.6645,1.6706,1.6635,1.6476,1.6257,1.5978,1.4622,1.4325,1.4153
9/1/2019,1.472,1.4748,1.4895,1.6645,1.6706,1.6635,1.6476,1.6257,1.5978,1.4622,1.4325,1.4153
9/2/2019,1.472,1.4748,1.4895,1.6645,1.6706,1.6635,1.6476,1.6257,1.5978,1.4622,1.4325,1.4153
9/3/2019,1.4317,1.4359,1.4512,1.6292,1.6371,1.6316,1.617,1.5957,1.5681,1.4332,1.4057,1.3913
9/4/2019,1.4921,1.4964,1.5121,1.6898,1.6972,1.6902,1.6746,1.653,1.625,1.4899,1.4619,1.4463
9/5/2019,1.5033,1.5071,1.5222,1.7001,1.7077,1.7006,1.6846,1.6629,1.6345,1.4992,1.4703,1.4534
9/6/2019,1.5233,1.5269,1.5414,1.7184,1.7259,1.7184,1.702,1.6796,1.6508,1.5159,1.4866,1.4673
9/7/2019,1.5233,1.5269,1.5414,1.7184,1.7259,1.7184,1.702,1.6796,1.6508,1.5159,1.4866,1.4673
9/8/2019,1.5233,1.5269,1.5414,1.7184,1.7259,1.7184,1.702,1.6796,1.6508,1.5159,1.4866,1.4673
9/9/2019,1.5447,1.5484,1.5631,1.7405,1.7462,1.7378,1.7206,1.6978,1.6688,1.533,1.5024,1.4828
9/10/2019,1.5461,1.5493,1.5636,1.7406,1.746,1.7375,1.7204,1.6975,1.6679,1.5318,1.5018,1.4844
9/11/2019,1.521,1.5228,1.536,1.7134,1.719,1.711,1.6938,1.6705,1.6401,1.5046,1.4768,1.4613
9/12/2019,1.5059,1.5075,1.5205,1.6969,1.7023,1.6948,1.6779,1.6546,1.6242,1.4887,1.4609,1.4454
9/13/2019,1.5046,1.5058,1.5187,1.6959,1.7006,1.6927,1.6757,1.6523,1.6217,1.4856,1.4573,1.4407
9/14/2019,1.5046,1.5058,1.5187,1.6959,1.7006,1.6927,1.6757,1.6523,1.6217,1.4856,1.4573,1.4407
9/15/2019,1.5046,1.5058,1.5187,1.6959,1.7006,1.6927,1.6757,1.6523,1.6217,1.4856,1.4573,1.4407
9/16/2019,1.684,1.6799,1.6882,1.8544,1.8499,1.8327,1.8068,1.7767,1.7417,1.602,1.5679,1.5467
9/17/2019,1.6,1.5993,1.6098,1.7796,1.7798,1.766,1.7428,1.7148,1.6809,1.5456,1.5144,1.4955
9/18/2019,1.5831,1.5838,1.5951,1.7656,1.767,1.7534,1.7308,1.7034,1.6695,1.5324,1.5024,1.484
9/19/2019,1.6048,1.6031,1.6126,1.7819,1.7832,1.7685,1.7441,1.7144,1.6788,1.5387,1.5084,1.4895
9/20/2019,1.5952,1.5938,1.6035,1.7732,1.7747,1.761,1.738,1.7097,1.6758,1.535,1.5037,1.4858
9/21/2019,1.5952,1.5938,1.6035,1.7732,1.7747,1.761,1.738,1.7097,1.6758,1.535,1.5037,1.4858
9/22/2019,1.5952,1.5938,1.6035,1.7732,1.7747,1.761,1.738,1.7097,1.6758,1.535,1.5037,1.4858
9/23/2019,1.6094,1.6091,1.6193,1.7894,1.7902,1.7758,1.7534,1.7261,1.6922,1.5511,1.5192,1.5012
9/24/2019,1.5752,1.5745,1.5848,1.7548,1.7562,1.7429,1.7213,1.6949,1.6613,1.5226,1.491,1.4734
9/25/2019,1.5521,1.5527,1.5638,1.7348,1.7366,1.7237,1.7027,1.6768,1.6431,1.5047,1.4735,1.4565
9/26/2019,1.5653,1.5645,1.5746,1.7441,1.7456,1.7324,1.711,1.6843,1.6504,1.511,1.4791,1.4614
9/27/2019,1.547,1.5455,1.5566,1.7275,1.7294,1.7169,1.6963,1.6703,1.6374,1.4976,1.4663,1.4494
9/28/2019,1.547,1.5455,1.5566,1.7275,1.7294,1.7169,1.6963,1.6703,1.6374,1.4976,1.4663,1.4494
9/29/2019,1.547,1.5455,1.5566,1.7275,1.7294,1.7169,1.6963,1.6703,1.6374,1.4976,1.4663,1.4494
9/30/2019,1.5098,1.5092,1.5219,1.6936,1.6966,1.6852,1.6644,1.6387,1.6064,1.4674,1.4364,1.4196
10/1/2019,1.5081,1.5072,1.5197,1.691,1.6944,1.6842,1.6649,1.6407,1.6103,1.4726,1.4405,1.4219
10/2/2019,1.4791,1.4781,1.4916,1.6646,1.6694,1.6609,1.6433,1.6208,1.5915,1.458,1.4265,1.4088
10/3/2019,1.4816,1.4804,1.494,1.6661,1.6706,1.6622,1.6439,1.6187,1.5885,1.4552,1.4227,1.4024
10/4/2019,1.4996,1.4986,1.5123,1.6844,1.6881,1.679,1.6601,1.6349,1.6038,1.4707,1.437,1.4151
10/5/2019,1.4996,1.4986,1.5123,1.6844,1.6881,1.679,1.6601,1.6349,1.6038,1.4707,1.437,1.4151
10/6/2019,1.4996,1.4986,1.5123,1.6844,1.6881,1.679,1.6601,1.6349,1.6038,1.4707,1.437,1.4151
10/7/2019,1.5019,1.5017,1.5154,1.6872,1.6907,1.6811,1.6622,1.6372,1.6063,1.4737,1.4403,1.421
10/8/2019,1.5045,1.5034,1.517,1.6885,1.6919,1.6823,1.6636,1.6393,1.6088,1.477,1.4434,1.4239
10/9/2019,1.5088,1.5077,1.5217,1.6925,1.6961,1.6863,1.6672,1.6424,1.6115,1.4805,1.4467,1.4251
10/10/2019,1.5408,1.5377,1.5506,1.7215,1.7249,1.713,1.6929,1.6671,1.6356,1.5043,1.4687,1.4436
10/11/2019,1.5695,1.5673,1.5792,1.7511,1.7532,1.7398,1.7183,1.692,1.6602,1.5296,1.4934,1.4695
10/12/2019,1.5695,1.5673,1.5792,1.7511,1.7532,1.7398,1.7183,1.692,1.6602,1.5296,1.4934,1.4695
10/13/2019,1.5695,1.5673,1.5792,1.7511,1.7532,1.7398,1.7183,1.692,1.6602,1.5296,1.4934,1.4695
10/14/2019,1.5507,1.5496,1.5615,1.7334,1.7362,1.7234,1.7025,1.6766,1.6447,1.5142,1.4772,1.4525
10/15/2019,1.5488,1.546,1.5568,1.727,1.7283,1.714,1.6918,1.6654,1.6332,1.5027,1.4647,1.4385
10/16/2019,1.5645,1.562,1.5727,1.7425,1.7431,1.7276,1.7041,1.6769,1.6446,1.5136,1.4747,1.4491
10/17/2019,1.5622,1.56,1.5701,1.7407,1.7409,1.7248,1.7007,1.6728,1.6402,1.5088,1.4701,1.4442
10/18/2019,1.5549,1.5519,1.5615,1.7325,1.7331,1.7185,1.6952,1.6677,1.6353,1.504,1.4654,1.4393
10/19/2019,1.5549,1.5519,1.5615,1.7325,1.7331,1.7185,1.6952,1.6677,1.6353,1.504,1.4654,1.4393
10/20/2019,1.5549,1.5519,1.5615,1.7325,1.7331,1.7185,1.6952,1.6677,1.6353,1.504,1.4654,1.4393
10/21/2019,1.5423,1.5398,1.55,1.7218,1.7235,1.7105,1.6886,1.6624,1.6308,1.4996,1.4611,1.4364
10/22/2019,1.5502,1.5492,1.5597,1.7319,1.7336,1.7213,1.7002,1.6746,1.6435,1.5128,1.475,1.4497
10/23/2019,1.5949,1.5926,1.6017,1.7735,1.7742,1.7599,1.7371,1.7098,1.6767,1.5449,1.5055,1.478
10/24/2019,1.6072,1.6049,1.6142,1.7851,1.7847,1.7695,1.7461,1.7187,1.6858,1.5541,1.515,1.4879
10/25/2019,1.617,1.6151,1.6239,1.7945,1.7937,1.778,1.7542,1.7264,1.6934,1.5618,1.5221,1.4959
10/26/2019,1.617,1.6151,1.6239,1.7945,1.7937,1.778,1.7542,1.7264,1.6934,1.5618,1.5221,1.4959
10/27/2019,1.617,1.6151,1.6239,1.7945,1.7937,1.778,1.7542,1.7264,1.6934,1.5618,1.5221,1.4959
10/28/2019,1.6142,1.6117,1.6206,1.7903,1.7895,1.7737,1.75,1.7219,1.6892,1.5571,1.5187,1.4931
10/29/2019,1.6176,1.6141,1.6227,1.7912,1.79,1.7739,1.7503,1.7226,1.6904,1.558,1.5201,1.4946
10/30/2019,1.5919,1.5867,1.5945,1.7618,1.7597,1.7429,1.7182,1.6896,1.6565,1.5231,1.485,1.4582
10/31/2019,1.5718,1.5668,1.575,1.7423,1.7403,1.7233,1.6984,1.6696,1.6364,1.5027,1.4662,1.442
11/1/2019,1.6323,1.6271,1.6343,1.8018,1.7998,1.7829,1.7586,1.7292,1.6943,1.5598,1.5223,1.4968
11/2/2019,1.6323,1.6271,1.6343,1.8018,1.7998,1.7829,1.7586,1.7292,1.6943,1.5598,1.5223,1.4968
11/3/2019,1.6323,1.6271,1.6343,1.8018,1.7998,1.7829,1.7586,1.7292,1.6943,1.5598,1.5223,1.4968
11/4/2019,1.6431,1.6382,1.6444,1.8102,1.8072,1.7893,1.764,1.7344,1.6995,1.5638,1.5264,1.5016
11/5/2019,1.6564,1.651,1.6574,1.8229,1.8205,1.8027,1.7776,1.748,1.7131,1.5766,1.5379,1.5117
11/6/2019,1.612,1.6099,1.6186,1.7859,1.7846,1.7685,1.7445,1.7149,1.6794,1.5412,1.5021,1.4766
11/7/2019,1.6228,1.6205,1.6295,1.7985,1.7978,1.7826,1.7595,1.7303,1.6945,1.5546,1.5152,1.4894
11/8/2019,1.6213,1.6204,1.6306,1.8019,1.8019,1.7877,1.7651,1.7365,1.701,1.5612,1.5214,1.4952
11/9/2019,1.6213,1.6204,1.6306,1.8019,1.8019,1.7877,1.7651,1.7365,1.701,1.5612,1.5214,1.4952
11/10/2019,1.6213,1.6204,1.6306,1.8019,1.8019,1.7877,1.7651,1.7365,1.701,1.5612,1.5214,1.4952
11/11/2019,1.6037,1.6054,1.6176,1.7909,1.7918,1.7784,1.7561,1.7272,1.6903,1.5511,1.5116,1.4851
11/12/2019,1.6096,1.6113,1.6234,1.7974,1.7981,1.7849,1.7629,1.7338,1.6964,1.5571,1.5175,1.4913
11/13/2019,1.6309,1.6299,1.6406,1.8129,1.813,1.7995,1.7767,1.7461,1.7072,1.5671,1.527,1.5006
11/14/2019,1.6116,1.6141,1.6268,1.8006,1.8011,1.7883,1.7661,1.7365,1.6988,1.5592,1.5192,1.4931
11/15/2019,1.6308,1.6333,1.6458,1.8188,1.8181,1.8046,1.7819,1.7519,1.7141,1.5747,1.5355,1.5101
11/16/2019,1.6308,1.6333,1.6458,1.8188,1.8181,1.8046,1.7819,1.7519,1.7141,1.5747,1.5355,1.5101
11/17/2019,1.6308,1.6333,1.6458,1.8188,1.8181,1.8046,1.7819,1.7519,1.7141,1.5747,1.5355,1.5101
11/18/2019,1.616,1.6172,1.6282,1.7991,1.7977,1.784,1.7621,1.7338,1.6978,1.559,1.5205,1.4963
11/19/2019,1.5983,1.5976,1.6075,1.7764,1.7738,1.7592,1.7369,1.709,1.6738,1.5353,1.4971,1.4733
11/20/2019,1.6506,1.648,1.6563,1.821,1.8168,1.8003,1.7763,1.7474,1.7114,1.5715,1.5315,1.5057
11/21/2019,1.6983,1.6947,1.702,1.8659,1.8602,1.8419,1.8162,1.7855,1.7479,1.6084,1.5698,1.5455
11/22/2019,1.6698,1.669,1.6779,1.8413,1.8378,1.8213,1.7973,1.7689,1.7339,1.5956,1.5594,1.5383
11/23/2019,1.6698,1.669,1.6779,1.8413,1.8378,1.8213,1.7973,1.7689,1.7339,1.5956,1.5594,1.5383
11/24/2019,1.6698,1.669,1.6779,1.8413,1.8378,1.8213,1.7973,1.7689,1.7339,1.5956,1.5594,1.5383
11/25/2019,1.6715,1.6727,1.6813,1.844,1.8406,1.8248,1.801,1.7731,1.739,1.6006,1.5657,1.5456
11/26/2019,1.6976,1.696,1.7012,1.8596,1.8554,1.838,1.8128,1.7836,1.7492,1.61,1.5769,1.5586
11/27/2019,1.6765,1.6781,1.6855,1.8472,1.8441,1.8276,1.8034,1.7751,1.7422,1.6032,1.5702,1.5519
11/28/2019,1.6765,1.6781,1.6855,1.8472,1.8441,1.8276,1.8034,1.7751,1.7422,1.6032,1.5702,1.5519
11/29/2019,1.591,1.5948,1.6041,1.7689,1.7687,1.7544,1.7319,1.7054,1.6733,1.5359,1.5039,1.4863
11/30/2019,1.591,1.5948,1.6041,1.7689,1.7687,1.7544,1.7319,1.7054,1.6733,1.5359,1.5039,1.4863
12/1/2019,1.591,1.5948,1.6041,1.7689,1.7687,1.7544,1.7319,1.7054,1.6733,1.5359,1.5039,1.4863
12/2/2019,1.5733,1.5805,1.5913,1.763,1.7646,1.752,1.731,1.7058,1.6752,1.5393,1.5073,1.49
12/3/2019,1.5629,1.5695,1.5818,1.7556,1.7582,1.7467,1.7262,1.701,1.6698,1.5349,1.5017,1.4819
12/4/2019,1.6042,1.6111,1.6246,1.8001,1.8025,1.791,1.7707,1.7452,1.7129,1.5774,1.5421,1.5201
12/5/2019,1.6211,1.6259,1.6385,1.8133,1.8147,1.8023,1.781,1.7548,1.7221,1.5885,1.5525,1.5297
12/6/2019,1.6474,1.6513,1.6634,1.8385,1.8391,1.8259,1.8037,1.7771,1.7453,1.6106,1.5745,1.5514
12/7/2019,1.6474,1.6513,1.6634,1.8385,1.8391,1.8259,1.8037,1.7771,1.7453,1.6106,1.5745,1.5514
12/8/2019,1.6474,1.6513,1.6634,1.8385,1.8391,1.8259,1.8037,1.7771,1.7453,1.6106,1.5745,1.5514
12/9/2019,1.6548,1.6569,1.6681,1.8403,1.8414,1.8275,1.805,1.7785,1.7479,1.6133,1.5777,1.5549
12/10/2019,1.6525,1.656,1.6675,1.8396,1.8408,1.8269,1.8044,1.7786,1.749,1.6154,1.58,1.5577
12/11/2019,1.6261,1.6322,1.6447,1.8183,1.8212,1.8088,1.7872,1.7618,1.7321,1.6005,1.5658,1.5441
12/12/2019,1.6283,1.635,1.6472,1.8211,1.824,1.8118,1.7905,1.7655,1.7363,1.6039,1.5697,1.5485
12/13/2019,1.6632,1.6672,1.6782,1.8499,1.8504,1.8367,1.8143,1.7886,1.7591,1.6261,1.592,1.5708
12/14/2019,1.6632,1.6672,1.6782,1.8499,1.8504,1.8367,1.8143,1.7886,1.7591,1.6261,1.592,1.5708
12/15/2019,1.6632,1.6672,1.6782,1.8499,1.8504,1.8367,1.8143,1.7886,1.7591,1.6261,1.592,1.5708
12/16/2019,1.6627,1.6678,1.6786,1.851,1.8515,1.8382,1.8159,1.7896,1.7592,1.6257,1.5923,1.5714
12/17/2019,1.6857,1.6899,1.7008,1.8733,1.8739,1.8589,1.8349,1.8068,1.7751,1.6407,1.607,1.5853
12/18/2019,1.6838,1.6899,1.7009,1.8745,1.8749,1.8596,1.8354,1.8071,1.7745,1.6405,1.606,1.5844
12/19/2019,1.7068,1.7097,1.7194,1.8912,1.8906,1.8736,1.848,1.8188,1.785,1.65,1.6132,1.5903
12/20/2019,1.7058,1.7072,1.7164,1.8877,1.8866,1.8695,1.8439,1.815,1.7814,1.6458,1.6095,1.5873
12/21/2019,1.7058,1.7072,1.7164,1.8877,1.8866,1.8695,1.8439,1.815,1.7814,1.6458,1.6095,1.5873
12/22/2019,1.7058,1.7072,1.7164,1.8877,1.8866,1.8695,1.8439,1.815,1.7814,1.6458,1.6095,1.5873
12/23/2019,1.7051,1.7065,1.7166,1.8889,1.8885,1.8721,1.847,1.8181,1.7849,1.6492,1.6129,1.5903
12/24/2019,1.727,1.7274,1.7363,1.9064,1.9052,1.8877,1.8619,1.8324,1.7989,1.6627,1.6249,1.6007
12/25/2019,1.727,1.7274,1.7363,1.9064,1.9052,1.8877,1.8619,1.8324,1.7989,1.6627,1.6249,1.6007
12/26/2019,1.7537,1.7539,1.7623,1.9314,1.9289,1.9096,1.8822,1.8516,1.8171,1.6803,1.6411,1.6157
12/27/2019,1.7473,1.7447,1.7545,1.9263,1.9249,1.9076,1.8817,1.8523,1.8187,1.6822,1.6431,1.618
12/28/2019,1.7473,1.7447,1.7545,1.9263,1.9249,1.9076,1.8817,1.8523,1.8187,1.6822,1.6431,1.618
12/29/2019,1.7473,1.7447,1.7545,1.9263,1.9249,1.9076,1.8817,1.8523,1.8187,1.6822,1.6431,1.618
12/30/2019,1.7283,1.724,1.7358,1.9107,1.9106,1.8954,1.8712,1.8426,1.8087,1.672,1.633,1.6075
12/31/2019,1.6978,1.6905,1.703,1.8792,1.8806,1.8671,1.8443,1.8165,1.7828,1.6464,1.6085,1.5839
1/1/2020,,1.6905,1.703,1.8792,1.8806,1.8671,1.8443,1.8165,1.7828,1.6464,1.6085,1.5839
1/2/2020,,1.7042,1.7155,1.8909,1.892,1.8787,1.8565,1.8288,1.7948,1.6566,1.6186,1.5937
1/3/2020,,1.7488,1.7591,1.9348,1.9354,1.9217,1.8983,1.869,1.833,1.6934,1.6522,1.6243
1/4/2020,,1.7488,1.7591,1.9348,1.9354,1.9217,1.8983,1.869,1.833,1.6934,1.6522,1.6243
1/5/2020,,1.7488,1.7591,1.9348,1.9354,1.9217,1.8983,1.869,1.833,1.6934,1.6522,1.6243
1/6/2020,,1.7544,1.7652,1.9432,1.9444,1.9313,1.9088,1.88,1.8443,1.704,1.6616,1.632
1/7/2020,,1.7222,1.7333,1.9146,1.9167,1.905,1.884,1.8566,1.822,1.6832,1.6425,1.6143
1/8/2020,,1.6488,1.6598,1.8431,1.8467,1.837,1.8177,1.7909,1.7564,1.6187,1.5801,1.5537
1/9/2020,,1.6527,1.6631,1.8479,1.8522,1.843,1.8239,1.7971,1.7627,1.6258,1.5883,1.562
1/10/2020,,1.6596,1.668,1.8505,1.8543,1.8446,1.8245,1.7964,1.7606,1.622,1.5837,1.5575
1/11/2020,,1.6596,1.668,1.8505,1.8543,1.8446,1.8245,1.7964,1.7606,1.622,1.5837,1.5575
1/12/2020,,1.6596,1.668,1.8505,1.8543,1.8446,1.8245,1.7964,1.7606,1.622,1.5837,1.5575
1/13/2020,,1.6573,1.6645,1.8448,1.8474,1.8362,1.8156,1.787,1.7506,1.6115,1.5722,1.5454
1/14/2020,,1.6544,1.6642,1.8441,1.8468,1.8363,1.8166,1.7887,1.7528,1.613,1.5727,1.545
1/15/2020,,1.6368,1.6492,1.8312,1.8346,1.8246,1.8051,1.7771,1.741,1.6022,1.562,1.5343
1/16/2020,,1.6548,1.667,1.8485,1.8512,1.8405,1.8203,1.7917,1.7551,1.6143,1.5725,1.5435
1/17/2020,,1.6406,1.6549,1.8414,1.8456,1.8362,1.8176,1.7904,1.7546,1.6133,1.5708,1.5405
1/18/2020,,1.6406,1.6549,1.8414,1.8456,1.8362,1.8176,1.7904,1.7546,1.6133,1.5708,1.5405
1/19/2020,,1.6406,1.6549,1.8414,1.8456,1.8362,1.8176,1.7904,1.7546,1.6133,1.5708,1.5405
1/20/2020,,1.6406,1.6549,1.8414,1.8456,1.8362,1.8176,1.7904,1.7546,1.6133,1.5708,1.5405
1/21/2020,,1.6365,1.6509,1.8375,1.842,1.8328,1.8143,1.7875,1.7523,1.6124,1.5726,1.5438
1/22/2020,,1.5796,1.5934,1.782,1.7883,1.7816,1.7656,1.7411,1.7083,1.5719,1.5355,1.5098
1/23/2020,,1.5602,1.573,1.7583,1.7633,1.7561,1.7397,1.7154,1.683,1.547,1.5102,1.4841
1/24/2020,,1.5152,1.5259,1.7118,1.7184,1.7118,1.6959,1.6717,1.6392,1.5033,1.466,1.4393
1/25/2020,,1.5152,1.5259,1.7118,1.7184,1.7118,1.6959,1.6717,1.6392,1.5033,1.466,1.4393
1/26/2020,,1.5152,1.5259,1.7118,1.7184,1.7118,1.6959,1.6717,1.6392,1.5033,1.466,1.4393
1/27/2020,,1.484,1.493,1.6748,1.6808,1.6747,1.6596,1.6367,1.6052,1.4706,1.4339,1.4082
1/28/2020,,1.5032,1.5143,1.6928,1.6973,1.69,1.6732,1.6486,1.6157,1.4789,1.4419,1.4164
1/29/2020,,1.5308,1.5408,1.7126,1.7157,1.7063,1.6877,1.6607,1.625,1.4857,1.4491,1.4242
1/30/2020,,1.4937,1.5055,1.676,1.6799,1.6716,1.6546,1.6297,1.5965,1.4581,1.423,1.3995
1/31/2020,,1.4887,1.5041,1.6655,1.6689,1.661,1.6451,1.6211,1.5886,1.4508,1.4171,1.3949
2/1/2020,,,1.5041,1.6655,1.6689,1.661,1.6451,1.6211,1.5886,1.4508,1.4171,1.3949
2/2/2020,,,1.5041,1.6655,1.6689,1.661,1.6451,1.6211,1.5886,1.4508,1.4171,1.3949
2/3/2020,,,1.4737,1.6348,1.6383,1.6305,1.615,1.5922,1.5612,1.4259,1.3929,1.3704
2/4/2020,,,1.4432,1.612,1.6184,1.6119,1.5985,1.5784,1.5505,1.4202,1.3931,1.3751
2/5/2020,,,1.4863,1.6534,1.6581,1.6498,1.6347,1.6127,1.583,1.4493,1.4191,1.3987
2/6/2020,,,1.498,1.6682,1.6734,1.6649,1.6503,1.6291,1.6004,1.4672,1.436,1.4138
2/7/2020,,,1.5239,1.6776,1.6797,1.6704,1.6552,1.6324,1.6015,1.4675,1.4356,1.4125
2/8/2020,,,1.5239,1.6776,1.6797,1.6704,1.6552,1.6324,1.6015,1.4675,1.4356,1.4125
2/9/2020,,,1.5239,1.6776,1.6797,1.6704,1.6552,1.6324,1.6015,1.4675,1.4356,1.4125
2/10/2020,,,1.5213,1.6647,1.6627,1.6522,1.6367,1.613,1.5815,1.448,1.4179,1.396
2/11/2020,,,1.5142,1.6647,1.6649,1.6552,1.6405,1.6177,1.5865,1.4531,1.4223,1.4005
2/12/2020,,,1.581,1.7241,1.7198,1.7065,1.6895,1.6654,1.6338,1.4984,1.4651,1.4418
2/13/2020,,,1.5802,1.7227,1.7192,1.7068,1.6908,1.6675,1.6365,1.5017,1.468,1.4446
2/14/2020,,,1.5833,1.7273,1.7262,1.7148,1.6988,1.6759,1.645,1.5098,1.4761,1.453
2/15/2020,,,1.5833,1.7273,1.7262,1.7148,1.6988,1.6759,1.645,1.5098,1.4761,1.453
2/16/2020,,,1.5833,1.7273,1.7262,1.7148,1.6988,1.6759,1.645,1.5098,1.4761,1.453
2/17/2020,,,1.5833,1.7273,1.7262,1.7148,1.6988,1.6759,1.645,1.5098,1.4761,1.453
2/18/2020,,,1.6148,1.7424,1.739,1.7256,1.7081,1.6836,1.6519,1.5155,1.4815,1.4576
2/19/2020,,,1.6633,1.7819,1.7747,1.759,1.7399,1.7141,1.6816,1.5438,1.5085,1.4837
2/20/2020,,,1.6697,1.7845,1.775,1.7584,1.7385,1.7123,1.6792,1.5424,1.5072,1.4826
2/21/2020,,,1.6506,1.7612,1.7503,1.7332,1.7136,1.6879,1.6558,1.5206,1.4872,1.4634
2/22/2020,,,1.6506,1.7612,1.7503,1.7332,1.7136,1.6879,1.6558,1.5206,1.4872,1.4634
2/23/2020,,,1.6506,1.7612,1.7503,1.7332,1.7136,1.6879,1.6558,1.5206,1.4872,1.4634
2/24/2020,,,1.6091,1.7132,1.7,1.6825,1.6634,1.6394,1.6097,1.4785,1.4484,1.4271
2/25/2020,,,1.5324,1.6419,1.6329,1.6182,1.6022,1.5815,1.5548,1.427,1.4005,1.382
2/26/2020,,,1.4549,1.5645,1.5571,1.5482,1.5383,1.5246,1.5052,1.3872,1.3639,1.3483
2/27/2020,,,1.4106,1.5206,1.5174,1.5106,1.5009,1.4864,1.4655,1.3484,1.3256,1.3093
2/28/2020,,,1.3955,1.4828,1.4771,1.4695,1.4583,1.4421,1.4203,1.3032,1.281,1.2659
3/1/2020,,,,1.4828,1.4771,1.4695,1.4583,1.4421,1.4203,1.3032,1.281,1.2659
3/2/2020,,,,1.5396,1.53,1.5204,1.5082,1.4924,1.4722,1.3538,1.3322,1.3179
3/3/2020,,,,1.5313,1.5226,1.5143,1.5033,1.4884,1.4685,1.3486,1.3266,1.3115
3/4/2020,,,,1.5555,1.5392,1.5267,1.5138,1.4982,1.4778,1.3573,1.3352,1.3202
3/5/2020,,,,1.5218,1.5066,1.4965,1.4859,1.472,1.4529,1.3342,1.3135,1.2996
3/6/2020,,,,1.389,1.3811,1.3754,1.3685,1.3584,1.3421,1.2273,1.2105,1.1992
3/7/2020,,,,1.389,1.3811,1.3754,1.3685,1.3584,1.3421,1.2273,1.2105,1.1992
3/8/2020,,,,1.389,1.3811,1.3754,1.3685,1.3584,1.3421,1.2273,1.2105,1.1992
3/9/2020,,,,1.1369,1.1369,1.1357,1.1367,1.135,1.1262,1.0274,1.0189,1.0154
3/10/2020,,,,1.1571,1.1602,1.1656,1.1697,1.1728,1.1673,1.0685,1.0595,1.0564
3/11/2020,,,,1.1103,1.1209,1.1332,1.1423,1.1479,1.1449,1.0518,1.0439,1.0408
3/12/2020,,,,0.8975,0.919,0.9497,0.9748,0.9958,1.0118,0.9386,0.9415,0.9469
3/13/2020,,,,0.8992,0.9135,0.938,0.96,0.9785,0.9927,0.9156,0.9192,0.9258
3/14/2020,,,,0.8992,0.9135,0.938,0.96,0.9785,0.9927,0.9156,0.9192,0.9258
3/15/2020,,,,0.8992,0.9135,0.938,0.96,0.9785,0.9927,0.9156,0.9192,0.9258
3/16/2020,,,,0.6899,0.7017,0.7309,0.7619,0.7909,0.8145,0.7507,0.7646,0.7787
3/17/2020,,,,0.7114,0.719,0.7449,0.7739,0.8008,0.8224,0.7575,0.7703,0.7834
3/18/2020,,,,0.6377,0.6459,0.6719,0.7003,0.7264,0.7475,0.6845,0.6974,0.7107
3/19/2020,,,,0.685,0.6932,0.7205,0.7499,0.7789,0.8016,0.7417,0.756,0.7716
3/20/2020,,,,0.6054,0.6281,0.6636,0.6973,0.7281,0.752,0.6967,0.711,0.7269
3/21/2020,,,,0.6054,0.6281,0.6636,0.6973,0.7281,0.752,0.6967,0.711,0.7269
3/22/2020,,,,0.6054,0.6281,0.6636,0.6973,0.7281,0.752,0.6967,0.711,0.7269
3/23/2020,,,,0.4118,0.4947,0.5475,0.5967,0.643,0.6834,0.6455,0.6652,0.6867
3/24/2020,,,,0.4437,0.5105,0.5625,0.6158,0.6646,0.7029,0.6577,0.6757,0.6956
3/25/2020,,,,0.5468,0.6054,0.6501,0.6955,0.7363,0.7682,0.7195,0.736,0.7556
3/26/2020,,,,0.5438,0.598,0.6436,0.6897,0.7324,0.7668,0.7165,0.7348,0.756
3/27/2020,,,,0.5737,0.6136,0.6642,0.7126,0.7548,0.7871,0.7361,0.7515,0.7693
3/28/2020,,,,0.5737,0.6136,0.6642,0.7126,0.7548,0.7871,0.7361,0.7515,0.7693
3/29/2020,,,,0.5737,0.6136,0.6642,0.7126,0.7548,0.7871,0.7361,0.7515,0.7693
3/30/2020,,,,0.5855,0.6168,0.6735,0.7256,0.7681,0.8,0.7485,0.7623,0.7782
3/31/2020,,,,0.5732,0.5927,0.659,0.7165,0.7632,0.7987,0.7504,0.766,0.7829
4/1/2020,,,,,0.5465,0.6133,0.6757,0.7298,0.7698,0.7214,0.7362,0.7525
4/2/2020,,,,,0.6628,0.7236,0.7787,0.8221,0.8516,0.792,0.7982,0.8067
4/3/2020,,,,,0.6916,0.7523,0.807,0.849,0.8755,0.8103,0.8153,0.8219
4/4/2020,,,,,0.6916,0.7523,0.807,0.849,0.8755,0.8103,0.8153,0.8219
4/5/2020,,,,,0.6916,0.7523,0.807,0.849,0.8755,0.8103,0.8153,0.8219
4/6/2020,,,,,0.7016,0.7621,0.8157,0.8564,0.8825,0.816,0.821,0.8276
4/7/2020,,,,,0.6482,0.7148,0.7714,0.8161,0.8483,0.793,0.8027,0.8136
4/8/2020,,,,,0.678,0.7452,0.8006,0.8433,0.8727,0.8137,0.8195,0.8268
4/9/2020,,,,,0.6773,0.7406,0.794,0.8361,0.8664,0.81,0.8167,0.8245
4/10/2020,,,,,0.6773,0.7406,0.794,0.8361,0.8664,0.81,0.8167,0.8245
4/11/2020,,,,,0.6773,0.7406,0.794,0.8361,0.8664,0.81,0.8167,0.8245
4/12/2020,,,,,0.6773,0.7406,0.794,0.8361,0.8664,0.81,0.8167,0.8245
4/13/2020,,,,,0.7033,0.762,0.8128,0.8541,0.8839,0.8299,0.837,0.8458
4/14/2020,,,,,0.72,0.7796,0.8295,0.8695,0.8968,0.8415,0.8476,0.8554
4/15/2020,,,,,0.7204,0.7676,0.8119,0.8473,0.869,0.808,0.8124,0.8188
4/16/2020,,,,,0.7051,0.7569,0.8041,0.8412,0.8634,0.8018,0.8068,0.8144
4/17/2020,,,,,0.7107,0.7646,0.8135,0.8519,0.8747,0.8114,0.8179,0.8259
4/18/2020,,,,,0.7107,0.7646,0.8135,0.8519,0.8747,0.8114,0.8179,0.8259
4/19/2020,,,,,0.7107,0.7646,0.8135,0.8519,0.8747,0.8114,0.8179,0.8259
4/20/2020,,,,,0.6683,0.7255,0.7754,0.8159,0.8421,0.7857,0.7964,0.8086
4/21/2020,,,,,0.5103,0.5695,0.6207,0.6659,0.6994,0.6472,0.6615,0.6773
4/22/2020,,,,,0.6384,0.6875,0.7271,0.7594,0.784,0.7245,0.736,0.7506
4/23/2020,,,,,0.6436,0.6821,0.7172,0.7472,0.7707,0.7103,0.7218,0.7359
4/24/2020,,,,,0.6612,0.7001,0.7329,0.7615,0.7855,0.7229,0.7339,0.7474
4/25/2020,,,,,0.6612,0.7001,0.7329,0.7615,0.7855,0.7229,0.7339,0.7474
4/26/2020,,,,,0.6612,0.7001,0.7329,0.7615,0.7855,0.7229,0.7339,0.7474
4/27/2020,,,,,0.6483,0.6849,0.714,0.7405,0.7627,0.7002,0.7126,0.7276
4/28/2020,,,,,0.6672,0.704,0.7326,0.7567,0.7765,0.7124,0.7217,0.7333
4/29/2020,,,,,0.7272,0.7545,0.7763,0.7927,0.8035,0.7359,0.7418,0.7504
4/30/2020,,,,,0.6978,0.7837,0.8079,0.826,0.8365,0.7704,0.7746,0.7817
5/1/2020,,,,,,0.7663,0.791,0.8087,0.819,0.7505,0.7559,0.7632
5/2/2020,,,,,,0.7663,0.791,0.8087,0.819,0.7505,0.7559,0.7632
5/3/2020,,,,,,0.7663,0.791,0.8087,0.819,0.7505,0.7559,0.7632
5/4/2020,,,,,,0.8215,0.8406,0.8547,0.8621,0.7909,0.7941,0.7998
5/5/2020,,,,,,0.9013,0.9147,0.9256,0.9297,0.8574,0.8599,0.8651
5/6/2020,,,,,,0.8769,0.8872,0.8963,0.9001,0.8269,0.8295,0.8344
5/7/2020,,,,,,0.9314,0.9349,0.9371,0.9354,0.8553,0.8541,0.8553
5/8/2020,,,,,,0.9522,0.9629,0.9689,0.9697,0.8903,0.888,0.8873
5/9/2020,,,,,,0.9522,0.9629,0.9689,0.9697,0.8903,0.888,0.8873
5/10/2020,,,,,,0.9522,0.9629,0.9689,0.9697,0.8903,0.888,0.8873
5/11/2020,,,,,,0.9242,0.9389,0.9452,0.9441,0.863,0.8593,0.8572
5/12/2020,,,,,,0.9185,0.9363,0.9444,0.9435,0.864,0.8599,0.8576
5/13/2020,,,,,,0.8527,0.8818,0.8978,0.9013,0.8265,0.8268,0.8282
5/14/2020,,,,,,0.9145,0.9369,0.9483,0.9497,0.8702,0.8673,0.8666
5/15/2020,,,,,,0.9702,0.9838,0.9895,0.9871,0.9028,0.8955,0.8912
5/16/2020,,,,,,0.9702,0.9838,0.9895,0.9871,0.9028,0.8955,0.8912
5/17/2020,,,,,,0.9702,0.9838,0.9895,0.9871,0.9028,0.8955,0.8912
5/18/2020,,,,,,1.0258,1.0426,1.0475,1.0439,0.9567,0.9476,0.9425
5/19/2020,,,,,,1.0452,1.055,1.0566,1.0505,0.9584,0.9465,0.9401
5/20/2020,,,,,,1.0438,1.0561,1.0618,1.0578,0.9701,0.9602,0.9555
5/21/2020,,,,,,1.0451,1.0618,1.0705,1.0683,0.9814,0.9722,0.9678
5/22/2020,,,,,,1.0382,1.0518,1.0601,1.0574,0.9686,0.96,0.9568
5/23/2020,,,,,,1.0382,1.0518,1.0601,1.0574,0.9686,0.96,0.9568
5/24/2020,,,,,,1.0382,1.0518,1.0601,1.0574,0.9686,0.96,0.9568
5/25/2020,,,,,,1.0382,1.0518,1.0601,1.0574,0.9686,0.96,0.9568
5/26/2020,,,,,,1.0489,1.0648,1.0762,1.0767,0.9878,0.9794,0.9772
5/27/2020,,,,,,0.9933,1.0177,1.0348,1.04,0.9581,0.9535,0.9551
5/28/2020,,,,,,0.9985,1.026,1.043,1.0479,0.9675,0.9611,0.9614
5/29/2020,,,,,,1.0259,1.0785,1.0909,1.0927,1.0113,1.0014,0.9989
5/30/2020,,,,,,1.0259,1.0785,1.0909,1.0927,1.0113,1.0014,0.9989
5/31/2020,,,,,,1.0259,1.0785,1.0909,1.0927,1.0113,1.0014,0.9989
6/1/2020,,,,,,,1.0667,1.0809,1.0835,1.0043,0.9952,0.9934
6/2/2020,,,,,,,1.1183,1.1286,1.1263,1.0424,1.0302,1.0254
6/3/2020,,,,,,,1.1193,1.1338,1.1333,1.0529,1.0418,1.0376
6/4/2020,,,,,,,1.149,1.1622,1.1598,1.0775,1.0646,1.0591
6/5/2020,,,,,,,1.2136,1.2266,1.2218,1.1369,1.1206,1.1116
6/6/2020,,,,,,,1.2136,1.2266,1.2218,1.1369,1.1206,1.1116
6/7/2020,,,,,,,1.2136,1.2266,1.2218,1.1369,1.1206,1.1116
6/8/2020,,,,,,,1.195,1.2069,1.2017,1.1146,1.097,1.0868
6/9/2020,,,,,,,1.2103,1.2237,1.2205,1.1352,1.1178,1.1075
6/10/2020,,,,,,,1.2099,1.2245,1.2222,1.1382,1.1207,1.1107
6/11/2020,,,,,,,1.1188,1.1353,1.136,1.0565,1.0419,1.0342
6/12/2020,,,,,,,1.1243,1.1367,1.1358,1.0563,1.041,1.0332
6/13/2020,,,,,,,1.1243,1.1367,1.1358,1.0563,1.041,1.0332
6/14/2020,,,,,,,1.1243,1.1367,1.1358,1.0563,1.041,1.0332
6/15/2020,,,,,,,1.1657,1.1732,1.1694,1.0887,1.0724,1.0641
6/16/2020,,,,,,,1.2073,1.2149,1.2088,1.1257,1.1067,1.0964
6/17/2020,,,,,,,1.2153,1.2219,1.2134,1.1251,1.104,1.0915
6/18/2020,,,,,,,1.2577,1.2575,1.2456,1.1531,1.1271,1.1109
6/19/2020,,,,,,,1.2716,1.271,1.2571,1.1643,1.1405,1.1251
6/20/2020,,,,,,,1.2716,1.271,1.2571,1.1643,1.1405,1.1251
6/21/2020,,,,,,,1.2716,1.271,1.2571,1.1643,1.1405,1.1251
6/22/2020,,,,,,,1.2913,1.2904,1.2769,1.1839,1.1615,1.1477
6/23/2020,,,,,,,1.2994,1.2983,1.2836,1.1894,1.1656,1.1505
6/24/2020,,,,,,,1.1964,1.1992,1.1899,1.1048,1.0869,1.0762
6/25/2020,,,,,,,1.1942,1.1972,1.1879,1.1049,1.0874,1.0769
6/26/2020,,,,,,,1.1533,1.1569,1.1511,1.0777,1.0652,1.0583
6/27/2020,,,,,,,1.1533,1.1569,1.1511,1.0777,1.0652,1.0583
6/28/2020,,,,,,,1.1533,1.1569,1.1511,1.0777,1.0652,1.0583
6/29/2020,,,,,,,1.1841,1.1878,1.1797,1.1035,1.0891,1.0801
6/30/2020,,,,,,,1.2001,1.2015,1.1874,1.1041,1.0867,1.0754
7/1/2020,,,,,,,,1.2169,1.2008,1.116,1.0994,1.0896
7/2/2020,,,,,,,,1.2592,1.2418,1.1546,1.1365,1.1249
7/3/2020,,,,,,,,1.2592,1.2418,1.1546,1.1365,1.1249
7/4/2020,,,,,,,,1.2592,1.2418,1.1546,1.1365,1.1249
7/5/2020,,,,,,,,1.2592,1.2418,1.1546,1.1365,1.1249
7/6/2020,,,,,,,,1.2408,1.2261,1.1424,1.1263,1.1163
7/7/2020,,,,,,,,1.275,1.252,1.1631,1.1442,1.1322
7/8/2020,,,,,,,,1.2909,1.2691,1.1786,1.1585,1.146
7/9/2020,,,,,,,,1.2505,1.2314,1.1443,1.1251,1.1136
7/10/2020,,,,,,,,1.2831,1.259,1.1701,1.1491,1.1365
7/11/2020,,,,,,,,1.2831,1.259,1.1701,1.1491,1.1365
7/12/2020,,,,,,,,1.2831,1.259,1.1701,1.1491,1.1365
7/13/2020,,,,,,,,1.2734,1.2471,1.1583,1.1366,1.1247
7/14/2020,,,,,,,,1.2474,1.2262,1.1422,1.1232,1.1131
7/15/2020,,,,,,,,1.2645,1.2428,1.16,1.1418,1.1316
7/16/2020,,,,,,,,1.2339,1.2157,1.1368,1.1206,1.1116
7/17/2020,,,,,,,,1.2245,1.2062,1.1265,1.1094,1.0992
7/18/2020,,,,,,,,1.2245,1.2062,1.1265,1.1094,1.0992
7/19/2020,,,,,,,,1.2245,1.2062,1.1265,1.1094,1.0992
7/20/2020,,,,,,,,1.2285,1.2131,1.1352,1.1198,1.1106
7/21/2020,,,,,,,,1.2797,1.2604,1.1773,1.1585,1.1468
7/22/2020,,,,,,,,1.2828,1.2603,1.1768,1.159,1.1489
7/23/2020,,,,,,,,1.2586,1.2363,1.1537,1.136,1.1258
7/24/2020,,,,,,,,1.2848,1.256,1.1714,1.152,1.1411
7/25/2020,,,,,,,,1.2848,1.256,1.1714,1.152,1.1411
7/26/2020,,,,,,,,1.2848,1.256,1.1714,1.152,1.1411
7/27/2020,,,,,,,,1.2747,1.2447,1.1626,1.1458,1.1368
7/28/2020,,,,,,,,1.2656,1.2352,1.1529,1.1355,1.126
7/29/2020,,,,,,,,1.2415,1.2132,1.1375,1.1248,1.1185
7/30/2020,,,,,,,,1.2204,1.1908,1.1138,1.0989,1.0903
7/31/2020,,,,,,,,1.1871,1.1711,1.1006,1.0895,1.0849
8/1/2020,,,,,,,,,1.1711,1.1006,1.0895,1.0849
8/2/2020,,,,,,,,,1.1711,1.1006,1.0895,1.0849
8/3/2020,,,,,,,,,1.2131,1.14,1.1257,1.1177
8/4/2020,,,,,,,,,1.2143,1.1443,1.1317,1.1245
8/5/2020,,,,,,,,,1.2228,1.1537,1.1431,1.1371
8/6/2020,,,,,,,,,1.2281,1.161,1.1494,1.1426
8/7/2020,,,,,,,,,1.2076,1.1459,1.134,1.1271
8/8/2020,,,,,,,,,1.2076,1.1459,1.134,1.1271
8/9/2020,,,,,,,,,1.2076,1.1459,1.134,1.1271
8/10/2020,,,,,,,,,1.2293,1.1669,1.1551,1.1478
8/11/2020,,,,,,,,,1.2045,1.1488,1.1393,1.1333
8/12/2020,,,,,,,,,1.2438,1.1858,1.1738,1.1655
8/13/2020,,,,,,,,,1.2348,1.1789,1.1663,1.1578
8/14/2020,,,,,,,,,1.2446,1.188,1.1751,1.1663
8/15/2020,,,,,,,,,1.2446,1.188,1.1751,1.1663
8/16/2020,,,,,,,,,1.2446,1.188,1.1751,1.1663
8/17/2020,,,,,,,,,1.27,1.2134,1.1982,1.1877
8/18/2020,,,,,,,,,1.283,1.2249,1.2077,1.196
8/19/2020,,,,,,,,,1.2905,1.2285,1.2092,1.1968
8/20/2020,,,,,,,,,1.2965,1.2264,1.2045,1.191
8/21/2020,,,,,,,,,1.2841,1.213,1.19,1.1757
8/22/2020,,,,,,,,,1.2841,1.213,1.19,1.1757
8/23/2020,,,,,,,,,1.2841,1.213,1.19,1.1757
8/24/2020,,,,,,,,,1.3671,1.2598,1.223,1.2047
8/25/2020,,,,,,,,,1.3959,1.2685,1.2278,1.212
8/26/2020,,,,,,,,,1.3606,1.2634,1.2274,1.2124
8/27/2020,,,,,,,,,1.2845,1.2182,1.1932,1.1828
8/28/2020,,,,,,,,,1.3155,1.2465,1.2163,1.2021
8/29/2020,,,,,,,,,1.3155,1.2465,1.2163,1.2021
8/30/2020,,,,,,,,,1.3155,1.2465,1.2163,1.2021
8/31/2020,,,,,,,,,1.2761,1.2137,1.188,1.1765
9/1/2020,,,,,,,,,,1.2247,1.2012,1.1885
9/2/2020,,,,,,,,,,1.202,1.1773,1.1627
9/3/2020,,,,,,,,,,1.2049,1.1797,1.1645
9/4/2020,,,,,,,,,,1.1772,1.1542,1.1393
9/5/2020,,,,,,,,,,1.1772,1.1542,1.1393
9/6/2020,,,,,,,,,,1.1772,1.1542,1.1393
9/7/2020,,,,,,,,,,1.1772,1.1542,1.1393
9/8/2020,,,,,,,,,,1.1028,1.0847,1.0716
9/9/2020,,,,,,,,,,1.1193,1.1066,1.0952
9/10/2020,,,,,,,,,,1.0977,1.0865,1.0758
9/11/2020,,,,,,,,,,1.0949,1.0827,1.072
9/12/2020,,,,,,,,,,1.0949,1.0827,1.072
9/13/2020,,,,,,,,,,1.0949,1.0827,1.072
9/14/2020,,,,,,,,,,1.1068,1.0922,1.0804
9/15/2020,,,,,,,,,,1.1381,1.1199,1.1066
9/16/2020,,,,,,,,,,1.1889,1.1694,1.1546
9/17/2020,,,,,,,,,,1.2244,1.2017,1.1859
9/18/2020,,,,,,,,,,1.2366,1.2097,1.1928
9/19/2020,,,,,,,,,,1.2366,1.2097,1.1928
9/20/2020,,,,,,,,,,1.2366,1.2097,1.1928
9/21/2020,,,,,,,,,,1.1771,1.1544,1.1395
9/22/2020,,,,,,,,,,1.1643,1.1438,1.1317
9/23/2020,,,,,,,,,,1.1813,1.1578,1.144
9/24/2020,,,,,,,,,,1.1957,1.1732,1.1575
9/25/2020,,,,,,,,,,1.2142,1.1898,1.1716
9/26/2020,,,,,,,,,,1.2142,1.1898,1.1716
9/27/2020,,,,,,,,,,1.2142,1.1898,1.1716
9/28/2020,,,,,,,,,,1.2466,1.2132,1.1925
9/29/2020,,,,,,,,,,1.2017,1.1711,1.1534
9/30/2020,,,,,,,,,,1.2008,1.1816,1.1652
10/1/2020,,,,,,,,,,,1.1524,1.135
10/2/2020,,,,,,,,,,,1.1235,1.101
10/3/2020,,,,,,,,,,,1.1235,1.101
10/4/2020,,,,,,,,,,,1.1235,1.101
10/5/2020,,,,,,,,,,,1.1941,1.1627
10/6/2020,,,,,,,,,,,1.2351,1.1985
10/7/2020,,,,,,,,,,,1.2009,1.1712
10/8/2020,,,,,,,,,,,1.2316,1.2007
10/9/2020,,,,,,,,,,,1.2032,1.1797
10/10/2020,,,,,,,,,,,1.2032,1.1797
10/11/2020,,,,,,,,,,,1.2032,1.1797
10/12/2020,,,,,,,,,,,1.1757,1.152
10/13/2020,,,,,,,,,,,1.1827,1.1633
10/14/2020,,,,,,,,,,,1.1971,1.1795
10/15/2020,,,,,,,,,,,1.18,1.1637
10/16/2020,,,,,,,,,,,1.1688,1.1535
10/17/2020,,,,,,,,,,,1.1688,1.1535
10/18/2020,,,,,,,,,,,1.1688,1.1535
10/19/2020,,,,,,,,,,,1.1623,1.1485
10/20/2020,,,,,,,,,,,1.1879,1.1725
10/21/2020,,,,,,,,,,,1.1403,1.1271
10/22/2020,,,,,,,,,,,1.1581,1.1452
10/23/2020,,,,,,,,,,,1.1389,1.127
10/24/2020,,,,,,,,,,,1.1389,1.127
10/25/2020,,,,,,,,,,,1.1389,1.127
10/26/2020,,,,,,,,,,,1.1116,1.0969
10/27/2020,,,,,,,,,,,1.1434,1.1288
10/28/2020,,,,,,,,,,,1.0814,1.0636
10/29/2020,,,,,,,,,,,1.0515,1.028
10/30/2020,,,,,,,,,,,1.0495,1.0322
10/31/2020,,,,,,,,,,,1.0495,1.0322
11/1/2020,,,,,,,,,,,,1.0322
11/2/2020,,,,,,,,,,,,1.052
11/3/2020,,,,,,,,,,,,1.0769
11/4/2020,,,,,,,,,,,,1.1081
11/5/2020,,,,,,,,,,,,1.1159
11/6/2020,,,,,,,,,,,,1.0844
11/7/2020,,,,,,,,,,,,1.0844
11/8/2020,,,,,,,,,,,,1.0844
11/9/2020,,,,,,,,,,,,1.1607
11/10/2020,,,,,,,,,,,,1.1941
11/11/2020,,,,,,,,,,,,1.1759
11/12/2020,,,,,,,,,,,,1.1571
11/13/2020,,,,,,,,,,,,1.1254
11/14/2020,,,,,,,,,,,,1.1254
11/15/2020,,,,,,,,,,,,1.1254
11/16/2020,,,,,,,,,,,,1.1468
11/17/2020,,,,,,,,,,,,1.1532
11/18/2020,,,,,,,,,,,,1.1629
11/19/2020,,,,,,,,,,,,1.1625
11/20/2020,,,,,,,,,,,,1.1752
11/21/2020,,,,,,,,,,,,1.1752
11/22/2020,,,,,,,,,,,,1.1752
11/23/2020,,,,,,,,,,,,1.204
11/24/2020,,,,,,,,,,,,1.2582
11/25/2020,,,,,,,,,,,,1.2875
11/26/2020,,,,,,,,,,,,1.2875
11/27/2020,,,,,,,,,,,,1.282
11/28/2020,,,,,,,,,,,,1.282
11/29/2020,,,,,,,,,,,,1.282
11/30/2020,,,,,,,,,,,,1.2489
